Student_ID,Study_Hours,Sleep_Hours,Stress_Level,Mood_Score,Screen_Time,Exercise_Hours
CCS001,2.5,7.8,4,8,4.1,1.2
CCS002,5.0,6.2,7,5,6.4,0.4
CCS003,3.5,7.1,5,7,5.0,0.8
CCS004,6.5,5.6,8,4,7.2,0.2
CCS005,1.8,8.2,3,8,3.6,1.5
CCS006,4.2,6.8,6,6,5.7,0.7
CCS007,7.0,5.4,9,3,8.1,0.1
CCS008,3.0,7.5,4,7,4.4,1.0
CCS009,5.8,6.0,7,5,6.9,0.3
CCS010,2.2,8.0,3,9,3.9,1.4
CCS011,4.8,6.5,6,6,6.0,0.6
CCS012,6.2,5.8,8,4,7.5,0.2
CCS013,3.8,7.0,5,7,5.3,0.9
CCS014,2.7,7.6,4,8,4.7,1.1
CCS015,5.4,6.1,7,5,6.6,0.5
CCS016,1.5,8.5,2,9,3.2,1.6
CCS017,6.8,5.5,9,3,8.4,0.1
CCS018,4.0,6.9,5,6,5.6,0.8
CCS019,3.2,7.4,4,7,4.8,1.0
CCS020,5.6,6.0,7,5,6.8,0.4
CCS021,2.0,8.1,3,8,3.8,1.3
CCS022,7.2,5.3,9,3,8.6,0.0
CCS023,4.5,6.7,6,6,5.9,0.7
CCS024,3.6,7.2,5,7,5.1,0.9
CCS025,6.0,5.9,8,4,7.0,0.3
CCS026,2.9,7.7,4,8,4.5,1.2
CCS027,5.2,6.3,7,5,6.3,0.5
CCS028,1.7,8.4,2,9,3.4,1.7
CCS029,4.7,6.6,6,6,5.8,0.6
CCS030,6.4,5.7,8,4,7.7,0.2
CCS031,3.4,7.3,5,7,5.2,1.0
CCS032,2.4,7.9,3,8,4.0,1.4
CCS033,5.9,5.8,8,4,7.1,0.3
CCS034,4.1,6.9,6,6,5.5,0.8
CCS035,7.5,5.1,10,2,8.9,0.0
CCS036,2.8,7.8,4,8,4.3,1.1
CCS037,5.5,6.2,7,5,6.5,0.4
CCS038,3.9,7.1,5,7,5.4,0.9
CCS039,6.7,5.6,9,3,8.0,0.1
CCS040,2.1,8.3,3,9,3.7,1.5
